node,row_idx,L_i_r_db,level_bin_idx,is_clean_row
Node1-Bogota,0,-20.66532764555324,1,True
Node1-Bogota,1,-21.737860868631287,0,True
Node1-Bogota,2,-20.105287198126817,4,True
Node1-Bogota,3,-18.658865547293594,6,True
Node1-Bogota,4,-18.236975639224262,6,True
Node1-Bogota,5,-20.166598859221175,3,False
Node1-Bogota,6,-20.141710867306223,3,True
Node1-Bogota,7,-20.605077203153403,1,True
Node1-Bogota,8,-20.15933266547816,3,False
Node1-Bogota,9,-20.374734410126713,2,True
Node1-Bogota,10,-21.558550463532868,0,True
Node1-Bogota,11,-17.46266385479159,6,True
Node1-Bogota,12,-18.94229933768515,6,True
Node1-Bogota,13,-20.19541234792898,3,True
Node1-Bogota,14,-19.980624268247922,4,True
Node1-Bogota,15,-20.74760063108826,1,True
Node1-Bogota,16,-20.663554679694894,1,True
Node1-Bogota,17,-19.764151602960375,5,True
Node1-Bogota,18,-20.08450566291436,4,True
Node1-Bogota,19,-17.990945989348702,6,True
Node1-Bogota,20,-19.602352286567005,5,True
Node1-Bogota,21,-19.661103005443046,5,True
Node1-Bogota,22,-21.07898675988568,0,True
Node1-Bogota,23,-21.190451880144042,0,True
Node1-Bogota,24,-20.711869218324416,1,True
Node1-Bogota,25,-20.324837355124174,2,True
Node1-Bogota,26,-19.520997941660582,5,True
Node1-Bogota,27,-18.927732235623346,6,True
Node1-Bogota,28,-19.696260786553168,5,True
Node1-Bogota,29,-20.689752371710924,1,True
Node1-Bogota,30,-16.83940915822729,6,True
Node1-Bogota,31,-19.58601562801765,5,True
Node1-Bogota,32,-19.436146292602928,6,True
Node1-Bogota,33,-21.84011599913297,0,True
Node1-Bogota,34,-21.617123819871118,0,True
Node1-Bogota,35,-20.307044170491583,2,True
Node1-Bogota,36,-20.3534536150327,2,False
Node1-Bogota,37,-20.320104877946896,2,True
Node1-Bogota,38,-20.71826826078408,1,True
Node1-Bogota,39,-18.384585445342722,6,True
Node1-Bogota,40,-22.10376432187051,0,True
Node1-Bogota,41,-21.78857715593278,0,True
Node1-Bogota,42,-20.18281869320942,3,True
Node1-Bogota,43,-18.733444368108543,6,True
Node1-Bogota,44,-18.7777912665893,6,True
Node1-Bogota,45,-20.172400365715294,3,True
Node1-Bogota,46,-18.515180068314393,6,False
Node1-Bogota,47,-21.1141434312065,0,True
Node1-Bogota,48,-20.814990944534053,1,True
Node1-Bogota,49,-20.29243636691702,2,True
Node1-Bogota,50,-19.85359288146451,4,True
Node1-Bogota,51,-18.928679881983353,6,True
Node1-Bogota,52,-19.078038529996448,6,True
Node1-Bogota,53,-20.179748191830292,3,True
Node1-Bogota,54,-20.331391770928455,2,True
Node1-Bogota,55,-19.650463044100306,5,True
Node1-Bogota,56,-21.14601875044673,0,True
Node1-Bogota,57,-20.172074926932318,3,True
Node1-Bogota,58,-19.59731265224429,5,True
Node1-Bogota,59,-20.194944850858178,3,True
Node1-Bogota,60,-20.212152880462334,3,True
Node1-Bogota,61,-19.853369801142158,4,True
Node1-Bogota,62,-20.30702766922419,2,True
Node1-Bogota,63,-19.474972841881836,6,True
Node1-Bogota,64,-20.781121280722687,1,True
Node1-Bogota,65,-20.67383126774048,1,True
Node1-Bogota,66,-18.93121676364438,6,True
Node1-Bogota,67,-20.117487868331406,3,True
Node1-Bogota,68,-20.116709612321145,3,True
Node1-Bogota,69,-19.90990367234388,4,True
Node1-Bogota,70,-20.45725238422408,2,True
Node1-Bogota,71,-20.11320632904872,3,True
Node1-Bogota,72,-19.753680588350868,5,True
Node1-Bogota,73,-21.207424168310688,0,True
Node1-Bogota,74,-20.24633629050619,2,True
Node1-Bogota,75,-21.306159379164335,0,True
Node1-Bogota,76,-20.33416444065646,2,True
Node1-Bogota,77,-20.26220561678386,2,True
Node1-Bogota,78,-20.59686331142908,1,True
Node1-Bogota,79,-19.998652678212938,4,True
Node1-Bogota,80,-20.050194413968438,4,True
Node1-Bogota,81,-20.931508047797177,0,True
Node1-Bogota,82,-20.114857239668005,3,True
Node1-Bogota,83,-19.98532797687382,4,True
Node1-Bogota,84,-19.862677351107173,4,True
Node1-Bogota,85,-20.302560094181413,2,True
Node1-Bogota,86,-19.880938471260585,4,True
Node1-Bogota,87,-19.649886751129714,5,True
Node1-Bogota,88,-20.477526773440353,2,True
Node1-Bogota,89,-20.2817323299844,2,True
Node1-Bogota,90,-19.554475358294567,5,True
Node1-Bogota,91,-20.80668737136817,1,True
Node1-Bogota,92,-20.224664845242597,3,True
Node1-Bogota,93,-19.91980525134056,4,True
Node1-Bogota,94,-21.332564407253138,0,True
Node1-Bogota,95,-19.698519244013166,5,True
Node1-Bogota,96,-19.488397046960788,5,True
Node1-Bogota,97,-20.18559326815503,3,True
Node1-Bogota,98,-18.331362426337467,6,False
Node1-Bogota,99,-19.844998509194923,5,True
Node1-Bogota,100,-20.69648910249557,1,True
Node1-Bogota,101,-20.92215940745648,1,True
Node1-Bogota,102,-19.946821277085775,4,True
Node1-Bogota,103,-21.494452989814903,0,True
Node1-Bogota,104,-19.91171900394918,4,True
Node10-Bogota,0,-22.270305750076584,0,True
Node10-Bogota,1,-20.552074143623216,2,False
Node10-Bogota,2,-19.1814253326428,6,True
Node10-Bogota,3,-19.05427671382703,6,True
Node10-Bogota,4,-20.46318392332404,3,True
Node10-Bogota,5,-20.40725609453654,3,True
Node10-Bogota,6,-20.546990160508816,2,True
Node10-Bogota,7,-20.552631254969015,2,False
Node10-Bogota,8,-20.684668748034547,1,False
Node10-Bogota,9,-21.572480500816027,0,True
Node10-Bogota,10,-18.81162812886636,6,True
Node10-Bogota,11,-20.387219068863445,3,True
Node10-Bogota,12,-19.136331027596736,6,True
Node10-Bogota,13,-20.290020513149162,4,True
Node10-Bogota,14,-21.640746352623005,0,True
Node10-Bogota,15,-20.676679468700094,1,False
Node10-Bogota,16,-19.972706796217693,5,True
Node10-Bogota,17,-20.45728618440571,3,True
Node10-Bogota,18,-18.741700267439672,6,True
Node10-Bogota,19,-19.612362093170514,6,True
Node10-Bogota,20,-20.324510326696604,4,True
Node10-Bogota,21,-20.18289754968464,5,True
Node10-Bogota,22,-20.61046727690904,1,True
Node10-Bogota,23,-20.468749534892257,2,True
Node10-Bogota,24,-20.060501820240756,5,True
Node10-Bogota,25,-19.99416302763948,5,True
Node10-Bogota,26,-19.285841769208794,6,True
Node10-Bogota,27,-20.205243141231513,4,True
Node10-Bogota,28,-20.269495319329685,4,True
Node10-Bogota,29,-17.507742359245892,6,True
Node10-Bogota,30,-20.390212023466955,3,False
Node10-Bogota,31,-20.1461715381593,5,True
Node10-Bogota,32,-22.117121236556947,0,True
Node10-Bogota,33,-21.77906892943804,0,True
Node10-Bogota,34,-20.596856264431374,2,True
Node10-Bogota,35,-20.41084408324167,3,True
Node10-Bogota,36,-20.802053094205313,1,True
Node10-Bogota,37,-20.79954631385059,1,True
Node10-Bogota,38,-19.417716707891646,6,True
Node10-Bogota,39,-21.127631111145348,0,True
Node10-Bogota,40,-22.061333438982707,0,True
Node10-Bogota,41,-20.5678666320103,2,True
Node10-Bogota,42,-20.484641964332145,2,True
Node10-Bogota,43,-20.469225145934224,2,True
Node10-Bogota,44,-19.939182881859878,6,True
Node10-Bogota,45,-19.822285549342187,6,True
Node10-Bogota,46,-20.69513070165118,1,True
Node10-Bogota,47,-20.64075134500456,1,True
Node10-Bogota,48,-20.24588548776164,4,True
Node10-Bogota,49,-20.330354097537835,3,True
Node10-Bogota,50,-20.403789836471283,3,True
Node10-Bogota,51,-19.690566898892556,6,True
Node10-Bogota,52,-20.19080318782076,4,True
Node10-Bogota,53,-20.60176646301325,1,True
Node10-Bogota,54,-20.144854946353504,5,True
Node10-Bogota,55,-20.333825482619766,3,True
Node10-Bogota,56,-20.042121602422277,5,True
Node10-Bogota,57,-20.273885263229502,4,True
Node10-Bogota,58,-20.12475837079593,5,True
Node10-Bogota,59,-20.651064425821197,1,True
Node10-Bogota,60,-20.312354961704777,4,True
Node10-Bogota,61,-19.350563634908255,6,True
Node10-Bogota,62,-19.725703390274102,6,True
Node10-Bogota,63,-21.125901026668192,0,True
Node10-Bogota,64,-20.348159594870047,3,True
Node10-Bogota,65,-20.519341647662728,2,True
Node10-Bogota,66,-20.54805986711071,2,True
Node10-Bogota,67,-20.291963884984064,4,True
Node10-Bogota,68,-20.14321932721779,5,True
Node10-Bogota,69,-20.914737146957318,1,True
Node10-Bogota,70,-20.24489772133481,4,True
Node10-Bogota,71,-20.505279912823728,2,True
Node10-Bogota,72,-22.25773400832102,0,True
Node10-Bogota,73,-21.171436144745467,0,False
Node10-Bogota,74,-21.273412075018108,0,True
Node10-Bogota,75,-20.41325807304835,3,True
Node10-Bogota,76,-20.786416711443476,1,True
Node10-Bogota,77,-20.32184848380519,4,True
Node10-Bogota,78,-20.02187865601862,5,True
Node10-Bogota,79,-19.994287050491696,5,True
Node10-Bogota,80,-20.273652126197874,4,True
Node10-Bogota,81,-20.450057370356905,3,True
Node10-Bogota,82,-20.133598923239585,5,True
Node10-Bogota,83,-20.546275979568193,2,True
Node10-Bogota,84,-20.215751025869217,4,True
Node10-Bogota,85,-20.76847805675255,1,True
Node10-Bogota,86,-20.6118237444241,1,True
Node10-Bogota,87,-20.971746438110277,0,True
Node10-Bogota,88,-20.433963911646146,3,True
Node10-Bogota,89,-20.54471229973167,2,True
Node10-Bogota,90,-20.459133617478678,3,True
Node10-Bogota,91,-21.5209953236401,0,True
Node10-Bogota,92,-20.82598620795801,1,True
Node10-Bogota,93,-20.522496802333485,2,True
Node10-Bogota,94,-20.146432503369702,5,True
Node10-Bogota,95,-20.46907901532106,2,True
Node10-Bogota,96,-20.748401852359272,1,True
Node10-Bogota,97,-20.81956418599323,1,True
Node10-Bogota,98,-21.426234655849147,0,True
Node10-Bogota,99,-20.42785975307576,3,True
Node10-Bogota,100,-21.02513718265283,0,True
Node10-Bogota,101,-20.27118388801513,4,True
Node10-Bogota,102,-20.567915775444263,2,True
Node10-Bogota,103,-20.166809066455098,5,True
Node2-Bogota,0,-20.737928941541302,3,True
Node2-Bogota,1,-22.264535865996436,0,True
Node2-Bogota,2,-20.631742352337305,3,True
Node2-Bogota,3,-19.902531424453855,6,True
Node2-Bogota,4,-17.78686843013616,6,True
Node2-Bogota,5,-20.76339469133154,2,True
Node2-Bogota,6,-20.542866951526847,4,True
Node2-Bogota,7,-20.80430819638933,2,True
Node2-Bogota,8,-19.982292664918095,5,False
Node2-Bogota,9,-20.95466707201277,1,True
Node2-Bogota,10,-20.752948183121013,3,True
Node2-Bogota,11,-18.475757866133172,6,True
Node2-Bogota,12,-17.619244799809017,6,False
Node2-Bogota,13,-20.84408139360032,2,True
Node2-Bogota,14,-21.168653948684,0,True
Node2-Bogota,15,-21.302440965415673,0,True
Node2-Bogota,16,-20.9792766998902,1,True
Node2-Bogota,17,-20.207414576298312,5,True
Node2-Bogota,18,-20.74613370671488,3,True
Node2-Bogota,19,-17.741150834773944,6,True
Node2-Bogota,20,-20.427870990093936,4,True
Node2-Bogota,21,-20.265859581068078,5,True
Node2-Bogota,22,-21.534909130341582,0,True
Node2-Bogota,23,-21.817657232238986,0,True
Node2-Bogota,24,-21.05208791120358,1,True
Node2-Bogota,25,-20.170900792873418,5,True
Node2-Bogota,26,-20.5382977043753,4,True
Node2-Bogota,27,-20.343362447756064,4,True
Node2-Bogota,28,-19.017405317349393,6,True
Node2-Bogota,29,-20.872451312520916,2,True
Node2-Bogota,30,-15.144467255987925,6,False
Node2-Bogota,31,-20.58519146949892,4,True
Node2-Bogota,32,-19.398108242559992,6,True
Node2-Bogota,33,-21.489531987255244,0,True
Node2-Bogota,34,-21.51445023657324,0,True
Node2-Bogota,35,-20.55850822327121,4,True
Node2-Bogota,36,-20.002145652283758,5,False
Node2-Bogota,37,-20.498767143337155,4,True
Node2-Bogota,38,-21.058127550948562,0,True
Node2-Bogota,39,-18.113320168509908,6,True
Node2-Bogota,40,-21.276957063252702,0,True
Node2-Bogota,41,-21.786394449077598,0,True
Node2-Bogota,42,-20.321888971453703,5,True
Node2-Bogota,43,-19.859124475306494,6,True
Node2-Bogota,44,-19.90226436199987,6,True
Node2-Bogota,45,-20.277192757183045,5,True
Node2-Bogota,46,-19.90391821902592,6,True
Node2-Bogota,47,-20.988056445631308,1,True
Node2-Bogota,48,-20.812691198852008,2,True
Node2-Bogota,49,-20.826539823345612,2,True
Node2-Bogota,50,-20.68612349442732,3,True
Node2-Bogota,51,-19.94719089222616,6,True
Node2-Bogota,52,-19.998279656637653,5,True
Node2-Bogota,53,-20.05742772352952,5,True
Node2-Bogota,54,-21.56027309440389,0,True
Node2-Bogota,55,-19.5114731958337,6,True
Node2-Bogota,56,-20.743098285715988,3,True
Node2-Bogota,57,-19.933195837435655,6,True
Node2-Bogota,58,-20.02715869269695,5,True
Node2-Bogota,59,-20.379933331053504,4,True
Node2-Bogota,60,-20.637694943329237,3,True
Node2-Bogota,61,-20.964286655166767,1,True
Node2-Bogota,62,-19.72068734414556,6,True
Node2-Bogota,63,-19.999584157967696,5,True
Node2-Bogota,64,-21.3438414886652,0,True
Node2-Bogota,65,-20.756165932355284,2,True
Node2-Bogota,66,-20.54508016829446,4,True
Node2-Bogota,67,-20.643204517091828,3,False
Node2-Bogota,68,-20.702124676924814,3,True
Node2-Bogota,69,-20.349086808617237,4,True
Node2-Bogota,70,-20.799023134843267,2,True
Node2-Bogota,71,-20.706837799011733,3,True
Node2-Bogota,72,-21.01449058178966,1,True
Node2-Bogota,73,-22.07991654281812,0,True
Node2-Bogota,74,-20.89270589639918,1,True
Node2-Bogota,75,-20.942290452378927,1,True
Node2-Bogota,76,-20.998247968129803,1,True
Node2-Bogota,77,-21.02797389808957,1,True
Node2-Bogota,78,-20.865849237002166,2,True
Node2-Bogota,79,-20.61538542737801,4,True
Node2-Bogota,80,-20.67185532354505,3,True
Node2-Bogota,81,-20.808400735690814,2,True
Node2-Bogota,82,-20.14675864663119,5,True
Node2-Bogota,83,-20.780099581870733,2,True
Node2-Bogota,84,-20.671421802011572,3,True
Node2-Bogota,85,-20.827375407305226,2,True
Node2-Bogota,86,-19.987550188005624,5,True
Node2-Bogota,87,-20.272318320788244,5,True
Node2-Bogota,88,-20.82025758598521,2,True
Node2-Bogota,89,-20.88975267562884,1,True
Node2-Bogota,90,-20.647683955269798,3,True
Node2-Bogota,91,-21.21715236535966,0,True
Node2-Bogota,92,-21.662694378206574,0,True
Node2-Bogota,93,-20.387278627205056,4,True
Node2-Bogota,94,-20.704263199844696,3,True
Node2-Bogota,95,-20.135055457611113,5,True
Node2-Bogota,96,-20.720006998383006,3,True
Node2-Bogota,97,-21.03747073133376,1,True
Node2-Bogota,98,-19.052618485170527,6,True
Node2-Bogota,99,-20.473849556743737,4,True
Node2-Bogota,100,-21.021573871752146,1,True
Node2-Bogota,101,-20.917518315831074,1,True
Node2-Bogota,102,-20.76998187922957,2,True
Node2-Bogota,103,-20.464880301677475,4,True
Node2-Bogota,104,-20.29719496380273,5,True
Node3-Bogota,0,-20.09370594947353,2,True
Node3-Bogota,1,-20.351370055700478,0,True
Node3-Bogota,2,-20.069344108108773,3,True
Node3-Bogota,3,-19.580919426715003,6,True
Node3-Bogota,4,-19.442826535153543,6,True
Node3-Bogota,5,-19.82154964128686,5,True
Node3-Bogota,6,-19.734729687550825,5,True
Node3-Bogota,7,-19.75036281495576,5,True
Node3-Bogota,8,-19.548726876923077,6,True
Node3-Bogota,9,-19.735235239005917,5,True
Node3-Bogota,10,-19.79971091022565,5,True
Node3-Bogota,11,-18.739324686577653,6,True
Node3-Bogota,12,-18.89629917983701,6,True
Node3-Bogota,13,-19.92366361835161,4,True
Node3-Bogota,14,-20.039526472522446,3,True
Node3-Bogota,15,-19.99277410123728,4,True
Node3-Bogota,16,-19.71597477504247,5,True
Node3-Bogota,17,-19.680636064006848,5,True
Node3-Bogota,18,-19.97990786113209,4,True
Node3-Bogota,19,-19.256258909875203,6,True
Node3-Bogota,20,-19.759552151854074,5,True
Node3-Bogota,21,-19.605998529645603,6,True
Node3-Bogota,22,-20.03671572737411,3,True
Node3-Bogota,23,-20.051378194336593,3,True
Node3-Bogota,24,-20.034152433664644,3,True
Node3-Bogota,25,-19.93700532180769,4,True
Node3-Bogota,26,-19.8502554524651,4,True
Node3-Bogota,27,-19.473994717345654,6,True
Node3-Bogota,28,-20.089743749750802,2,True
Node3-Bogota,29,-20.13324146865292,1,True
Node3-Bogota,30,-19.397930955621575,6,True
Node3-Bogota,31,-19.751358191904465,5,True
Node3-Bogota,32,-19.786218644631475,5,True
Node3-Bogota,33,-20.074458024277767,2,True
Node3-Bogota,34,-19.927225037454583,4,True
Node3-Bogota,35,-19.723915136182924,5,True
Node3-Bogota,36,-19.844047156418174,4,True
Node3-Bogota,37,-20.020653398276337,3,True
Node3-Bogota,38,-20.105972693959814,2,True
Node3-Bogota,39,-19.345627901486154,6,True
Node3-Bogota,40,-20.100548174882658,2,True
Node3-Bogota,41,-20.12400472411537,1,True
Node3-Bogota,42,-20.090120067370943,2,True
Node3-Bogota,43,-19.518634179901092,6,True
Node3-Bogota,44,-19.22481186479098,6,True
Node3-Bogota,45,-19.979120601496717,4,True
Node3-Bogota,46,-19.678009768759452,6,True
Node3-Bogota,47,-20.03840293094214,3,True
Node3-Bogota,48,-20.069367509975635,2,True
Node3-Bogota,49,-19.864761626948237,4,True
Node3-Bogota,50,-19.78812473866566,5,True
Node3-Bogota,51,-19.871929795976012,4,True
Node3-Bogota,52,-20.0420325763313,3,True
Node3-Bogota,53,-20.04290853179767,3,True
Node3-Bogota,54,-20.23652780233457,0,True
Node3-Bogota,55,-20.19305947682983,0,True
Node3-Bogota,56,-20.140120297276084,1,True
Node3-Bogota,57,-20.191019984076426,0,True
Node3-Bogota,58,-20.222830539659117,0,True
Node3-Bogota,59,-20.157364610079973,1,True
Node3-Bogota,60,-20.23214323575143,0,True
Node3-Bogota,61,-20.09494431696943,2,True
Node3-Bogota,62,-19.76238980944018,5,True
Node3-Bogota,63,-20.197451651344075,0,True
Node3-Bogota,64,-20.303408127319642,0,True
Node3-Bogota,65,-20.23003500377999,0,True
Node3-Bogota,66,-19.97452800975281,4,True
Node3-Bogota,67,-20.19206046020515,0,True
Node3-Bogota,68,-20.080703874944124,2,True
Node3-Bogota,69,-19.942470120262897,4,True
Node3-Bogota,70,-20.02048893627181,3,True
Node3-Bogota,71,-20.034345638020145,3,True
Node3-Bogota,72,-20.13099241142549,1,True
Node3-Bogota,73,-20.288636222403497,0,True
Node3-Bogota,74,-19.959653725795654,4,True
Node3-Bogota,75,-20.246428325760224,0,True
Node3-Bogota,76,-20.192051747962818,0,True
Node3-Bogota,77,-20.179533250092934,1,True
Node3-Bogota,78,-20.17736747267775,1,True
Node3-Bogota,79,-20.06502635429991,3,True
Node3-Bogota,80,-20.17711304379359,1,True
Node3-Bogota,81,-20.07579758800136,2,True
Node3-Bogota,82,-20.06484783714092,3,True
Node3-Bogota,83,-20.039361333348822,3,True
Node3-Bogota,84,-20.156669759020026,1,True
Node3-Bogota,85,-20.03187580325227,3,True
Node3-Bogota,86,-19.67251739524399,6,True
Node3-Bogota,87,-20.081572881586403,2,True
Node3-Bogota,88,-20.192632441977075,0,True
Node3-Bogota,89,-20.12689734736981,1,True
Node3-Bogota,90,-19.8063410384452,5,True
Node3-Bogota,91,-20.097613133901667,2,True
Node3-Bogota,92,-20.13063611308184,1,True
Node3-Bogota,93,-20.079579798276008,2,True
Node3-Bogota,94,-20.09935135997157,2,True
Node3-Bogota,95,-20.11552485756645,1,True
Node3-Bogota,96,-19.734515926153236,5,True
Node3-Bogota,97,-20.109063222687567,2,True
Node3-Bogota,98,-19.44147897862915,6,True
Node3-Bogota,99,-19.998387199161193,4,True
Node3-Bogota,100,-20.163999590607844,1,True
Node3-Bogota,101,-20.231088083817756,0,True
Node3-Bogota,102,-20.11343060988535,1,True
Node3-Bogota,103,-20.15313013181948,1,True
Node3-Bogota,104,-19.93940273036001,4,True
Node4-Bogota,0,-20.54991983615585,0,True
Node4-Bogota,1,-21.197353273559887,0,True
Node4-Bogota,2,-20.386799230759657,1,True
Node4-Bogota,3,-19.545179132716225,5,True
Node4-Bogota,4,-19.349690771440756,6,True
Node4-Bogota,5,-20.134015881866603,2,True
Node4-Bogota,6,-20.41390358191801,1,True
Node4-Bogota,7,-20.323528523471346,1,True
Node4-Bogota,8,-20.07067712742242,2,True
Node4-Bogota,9,-20.71731619347822,0,True
Node4-Bogota,10,-20.741257690982568,0,True
Node4-Bogota,11,-19.701779535514532,5,True
Node4-Bogota,12,-20.54328567927054,1,True
Node4-Bogota,13,-19.675836502013468,5,True
Node4-Bogota,14,-20.77189555057639,0,True
Node4-Bogota,15,-21.094677741762336,0,True
Node4-Bogota,16,-20.557149965954054,0,True
Node4-Bogota,17,-20.0008768431152,3,True
Node4-Bogota,18,-20.018750836630073,2,True
Node4-Bogota,19,-18.97740167443113,6,True
Node4-Bogota,20,-19.58883635065684,5,True
Node4-Bogota,21,-20.041753391955346,2,True
Node4-Bogota,22,-19.652288702906752,5,True
Node4-Bogota,23,-19.87578801239683,3,True
Node4-Bogota,24,-19.811044429876112,4,True
Node4-Bogota,25,-20.353224332001282,1,True
Node4-Bogota,26,-19.64860664092205,5,True
Node4-Bogota,27,-19.71045992967874,5,True
Node4-Bogota,28,-18.85860264036904,6,True
Node4-Bogota,29,-19.786302653866656,4,True
Node4-Bogota,30,-18.231105481528935,6,True
Node4-Bogota,31,-19.756881221273897,4,True
Node4-Bogota,32,-20.000499459693927,3,True
Node4-Bogota,33,-21.125850439770208,0,True
Node4-Bogota,34,-21.015117845968067,0,True
Node4-Bogota,35,-19.72790728339995,4,True
Node4-Bogota,36,-20.143952635381876,2,True
Node4-Bogota,37,-20.829766300793985,0,True
Node4-Bogota,38,-20.240608192879037,2,True
Node4-Bogota,39,-18.838042750441936,6,True
Node4-Bogota,40,-20.430560179935682,1,True
Node4-Bogota,41,-20.63786691488128,0,True
Node4-Bogota,42,-19.63628539343418,5,True
Node4-Bogota,43,-20.30469854254521,2,True
Node4-Bogota,44,-19.880067028433672,3,True
Node4-Bogota,45,-19.04222836053554,6,True
Node4-Bogota,46,-19.966803450934485,3,True
Node4-Bogota,47,-19.979307818244955,3,True
Node4-Bogota,48,-20.83457689956454,0,True
Node4-Bogota,49,-19.82567743823857,4,True
Node4-Bogota,50,-19.956387095372698,3,True
Node4-Bogota,51,-19.910365031252383,3,True
Node4-Bogota,52,-19.4528971882561,6,True
Node4-Bogota,53,-19.803951822927274,4,True
Node4-Bogota,54,-20.274315313702573,2,True
Node4-Bogota,55,-18.53402770644813,6,True
Node4-Bogota,56,-20.40148185609609,1,True
Node4-Bogota,57,-19.701081654446213,5,True
Node4-Bogota,58,-20.37030371581077,1,True
Node4-Bogota,59,-19.770623373083794,4,True
Node4-Bogota,60,-19.177711686713693,6,True
Node4-Bogota,61,-19.328443786778706,6,True
Node4-Bogota,62,-18.71996023554552,6,True
Node4-Bogota,63,-19.493081296644064,6,True
Node4-Bogota,64,-20.007453707466667,3,True
Node4-Bogota,65,-19.76637704089184,4,True
Node4-Bogota,66,-19.7395904860739,4,True
Node4-Bogota,67,-21.108889966126135,0,True
Node4-Bogota,68,-19.537643638417542,6,True
Node4-Bogota,69,-19.83538114842253,4,True
Node4-Bogota,70,-20.204344247644563,2,True
Node4-Bogota,71,-19.662205489521288,5,True
Node4-Bogota,72,-19.99883721995628,3,True
Node4-Bogota,73,-21.367068451919106,0,False
Node4-Bogota,74,-20.34253861488554,1,True
Node4-Bogota,75,-21.350852714584747,0,False
Node4-Bogota,76,-19.75667260198216,4,True
Node4-Bogota,77,-20.318117474137704,1,True
Node4-Bogota,78,-19.97008983422075,3,True
Node4-Bogota,79,-19.736494435670878,4,True
Node4-Bogota,80,-19.12848304915087,6,True
Node4-Bogota,81,-20.28837545640973,2,True
Node4-Bogota,82,-19.902183461121336,3,True
Node4-Bogota,83,-19.717066868888214,4,True
Node4-Bogota,84,-19.62912138525632,5,True
Node4-Bogota,85,-20.132460717796228,2,True
Node4-Bogota,86,-20.12356649147609,2,True
Node4-Bogota,87,-19.843903118989815,4,True
Node4-Bogota,88,-20.310774366613593,2,True
Node4-Bogota,89,-19.124527770395463,6,False
Node4-Bogota,90,-20.1806878702916,2,True
Node4-Bogota,91,-20.017644595008107,3,True
Node4-Bogota,92,-20.928278246384195,0,True
Node4-Bogota,93,-20.452786195611644,1,True
Node4-Bogota,94,-19.93574261210309,3,True
Node4-Bogota,95,-19.474913175638996,6,True
Node4-Bogota,96,-19.560797770543633,5,True
Node4-Bogota,97,-20.163704120581727,2,True
Node4-Bogota,98,-20.477492149069207,1,True
Node4-Bogota,99,-20.43317630755189,1,True
Node4-Bogota,100,-20.380976419973138,1,True
Node4-Bogota,101,-19.745226543679603,4,True
Node4-Bogota,102,-19.68284727362243,5,True
Node4-Bogota,103,-20.65932359424887,0,True
Node4-Bogota,104,-19.706764359269066,5,True
Node5-Bogota,0,-21.46800873415164,0,True
Node5-Bogota,1,-21.750670189044797,0,False
Node5-Bogota,2,-20.509401492355032,3,True
Node5-Bogota,3,-19.926756029797545,5,True
Node5-Bogota,4,-18.493238496497867,6,True
Node5-Bogota,5,-20.45887274561793,3,True
Node5-Bogota,6,-20.356615943495186,3,True
Node5-Bogota,7,-20.53471371328783,3,True
Node5-Bogota,8,-20.538601755361043,3,False
Node5-Bogota,9,-20.896528487809864,1,True
Node5-Bogota,10,-21.64177354510356,0,True
Node5-Bogota,11,-19.08188678322729,6,True
Node5-Bogota,12,-21.497771980186293,0,True
Node5-Bogota,13,-19.12302053957154,6,True
Node5-Bogota,14,-20.59859805543877,2,True
Node5-Bogota,15,-21.27927957570324,0,True
Node5-Bogota,16,-20.761347833033856,1,True
Node5-Bogota,17,-20.266587461390543,4,True
Node5-Bogota,18,-20.741067105872986,2,True
Node5-Bogota,19,-18.59303093339579,6,True
Node5-Bogota,20,-19.89019110787298,5,True
Node5-Bogota,21,-20.34399063482234,3,True
Node5-Bogota,22,-21.225532991384007,0,True
Node5-Bogota,23,-20.58154564021023,2,True
Node5-Bogota,24,-20.160848259759483,4,True
Node5-Bogota,25,-20.402430009055074,3,True
Node5-Bogota,26,-20.57416179227635,2,True
Node5-Bogota,27,-19.614716571653236,6,True
Node5-Bogota,28,-19.68970154064054,6,True
Node5-Bogota,29,-20.325103879131525,3,True
Node5-Bogota,30,-16.746953190347053,6,True
Node5-Bogota,31,-20.379092449436527,3,True
Node5-Bogota,32,-20.253244664514824,4,True
Node5-Bogota,33,-21.499621019686558,0,True
Node5-Bogota,34,-21.150081718992492,1,True
Node5-Bogota,35,-21.198407049411053,0,True
Node5-Bogota,36,-20.571004979708462,2,True
Node5-Bogota,37,-20.73773534195137,2,True
Node5-Bogota,38,-21.189094263250258,0,True
Node5-Bogota,39,-18.973729790856048,6,True
Node5-Bogota,40,-21.340753810344758,0,True
Node5-Bogota,41,-21.472337486567696,0,True
Node5-Bogota,42,-20.960083659579446,1,True
Node5-Bogota,43,-21.250480496438872,0,True
Node5-Bogota,44,-20.583529020400015,2,True
Node5-Bogota,45,-19.694291185333462,6,True
Node5-Bogota,46,-19.926178217753208,5,True
Node5-Bogota,47,-20.635654111678924,2,True
Node5-Bogota,48,-20.90002609131095,1,True
Node5-Bogota,49,-20.985791690234358,1,True
Node5-Bogota,50,-19.846298794671,5,True
Node5-Bogota,51,-20.266348107462022,4,True
Node5-Bogota,52,-19.27192396484574,6,True
Node5-Bogota,53,-20.61874433582951,2,True
Node5-Bogota,54,-20.86880212554469,1,True
Node5-Bogota,55,-19.445220526935422,6,True
Node5-Bogota,56,-20.220739191622172,4,True
Node5-Bogota,57,-19.558126659319008,6,True
Node5-Bogota,58,-19.906858274954423,5,True
Node5-Bogota,59,-20.088700157303652,4,True
Node5-Bogota,60,-20.018806313488255,5,True
Node5-Bogota,61,-20.45691825848377,3,True
Node5-Bogota,62,-19.34938081134808,6,True
Node5-Bogota,63,-19.788234845120087,5,True
Node5-Bogota,64,-21.244612422270592,0,True
Node5-Bogota,65,-20.278199065555953,4,True
Node5-Bogota,66,-19.734133443886922,5,True
Node5-Bogota,67,-20.828750298374416,1,True
Node5-Bogota,68,-19.700665545386798,5,True
Node5-Bogota,69,-19.101867745486405,6,True
Node5-Bogota,70,-20.777587457475516,1,True
Node5-Bogota,71,-20.216091834078014,4,True
Node5-Bogota,72,-20.67087035166542,2,True
Node5-Bogota,73,-21.434500784978916,0,True
Node5-Bogota,74,-20.742592988950072,2,True
Node5-Bogota,75,-21.238341230163527,0,True
Node5-Bogota,76,-20.21916885455273,4,True
Node5-Bogota,77,-21.266354545327513,0,True
Node5-Bogota,78,-20.742818543690948,1,True
Node5-Bogota,79,-20.20097226072,4,True
Node5-Bogota,80,-19.451877290793867,6,True
Node5-Bogota,81,-20.639639349027544,2,True
Node5-Bogota,82,-19.823728303338296,5,True
Node5-Bogota,83,-20.32941409423479,3,True
Node5-Bogota,84,-20.108400104382177,4,True
Node5-Bogota,85,-20.13951537799015,4,True
Node5-Bogota,86,-19.810009379382734,5,True
Node5-Bogota,87,-20.262072674989355,4,True
Node5-Bogota,88,-21.014037366676753,1,True
Node5-Bogota,89,-20.525495947299113,3,True
Node5-Bogota,90,-19.971005823212824,5,True
Node5-Bogota,91,-20.458836725196612,3,True
Node5-Bogota,92,-20.779678674526075,1,True
Node5-Bogota,93,-20.667592872677343,2,True
Node5-Bogota,94,-20.73481257215719,2,True
Node5-Bogota,95,-20.07372775485408,4,True
Node5-Bogota,96,-20.06547589446989,5,True
Node5-Bogota,97,-20.566194094338663,2,True
Node5-Bogota,98,-20.922067591073453,1,True
Node5-Bogota,99,-21.01612898000341,1,True
Node5-Bogota,100,-20.3163107631576,3,True
Node5-Bogota,101,-20.51250800668646,3,True
Node5-Bogota,102,-19.96898690083436,5,True
Node5-Bogota,103,-21.30136427809324,0,False
Node5-Bogota,104,-20.23278391381566,4,True
Node6-Bogota,0,-20.110475031625384,0,True
Node6-Bogota,1,-20.3596734520089,0,True
Node6-Bogota,2,-19.835937283805595,2,True
Node6-Bogota,3,-19.795873139057232,3,True
Node6-Bogota,4,-19.097455341586638,6,True
Node6-Bogota,5,-19.968300660729046,1,True
Node6-Bogota,6,-19.86520894702098,2,True
Node6-Bogota,7,-19.96945334233386,1,True
Node6-Bogota,8,-19.81607631451058,3,True
Node6-Bogota,9,-20.135188308401165,0,True
Node6-Bogota,10,-19.867494453220143,2,True
Node6-Bogota,11,-19.720777149628944,4,True
Node6-Bogota,12,-19.50062437513252,6,True
Node6-Bogota,13,-19.886006877458044,2,True
Node6-Bogota,14,-19.967638321954297,1,True
Node6-Bogota,15,-20.039279458166508,0,True
Node6-Bogota,16,-19.797317964966695,3,True
Node6-Bogota,17,-19.664849795615382,5,True
Node6-Bogota,18,-19.73773756999335,4,True
Node6-Bogota,19,-18.916944490864196,6,True
Node6-Bogota,20,-19.67586507493352,5,True
Node6-Bogota,21,-19.58436375525791,5,True
Node6-Bogota,22,-19.992114344542617,1,True
Node6-Bogota,23,-19.833775904490757,3,True
Node6-Bogota,24,-20.008787142814015,0,True
Node6-Bogota,25,-19.78816896929371,3,True
Node6-Bogota,26,-19.710665046317597,5,True
Node6-Bogota,27,-19.418629544350708,6,True
Node6-Bogota,28,-19.755417729752594,4,True
Node6-Bogota,29,-19.89595375966053,2,True
Node6-Bogota,30,-18.486580809239435,6,True
Node6-Bogota,31,-19.782500001341386,4,True
Node6-Bogota,32,-19.802631766623126,3,True
Node6-Bogota,33,-20.308408379160483,0,True
Node6-Bogota,34,-19.909178444407733,1,True
Node6-Bogota,35,-19.926112787303893,1,True
Node6-Bogota,36,-19.913533351465155,1,True
Node6-Bogota,37,-20.007362934663306,0,True
Node6-Bogota,38,-20.16821550643073,0,True
Node6-Bogota,39,-18.91070459448479,6,True
Node6-Bogota,40,-20.165939509987254,0,True
Node6-Bogota,41,-20.399723998816953,0,True
Node6-Bogota,42,-19.89109880629251,2,True
Node6-Bogota,43,-19.786646110317562,3,True
Node6-Bogota,44,-19.102667611872004,6,False
Node6-Bogota,45,-19.759602187358187,4,True
Node6-Bogota,46,-19.57327377120818,5,True
Node6-Bogota,47,-19.893026408480708,2,True
Node6-Bogota,48,-19.80554700733478,3,True
Node6-Bogota,49,-19.96802854855286,1,True
Node6-Bogota,50,-19.63032270233773,5,True
Node6-Bogota,51,-19.31019657297015,6,True
Node6-Bogota,52,-19.494924371857945,6,True
Node6-Bogota,53,-19.57368780348187,5,True
Node6-Bogota,54,-19.673213997700966,5,True
Node6-Bogota,55,-19.54838090291537,5,True
Node6-Bogota,56,-19.688080537749183,5,True
Node6-Bogota,57,-19.787503474008744,3,True
Node6-Bogota,58,-19.637630295661182,5,True
Node6-Bogota,59,-19.925889191941465,1,True
Node6-Bogota,60,-19.962131312279546,1,True
Node6-Bogota,61,-19.891489576347407,2,True
Node6-Bogota,62,-19.74623734192922,4,True
Node6-Bogota,63,-19.88811489044255,2,True
Node6-Bogota,64,-20.006096642969915,0,True
Node6-Bogota,65,-19.93597118720649,1,True
Node6-Bogota,66,-19.449531161180666,6,True
Node6-Bogota,67,-19.75836164024153,4,True
Node6-Bogota,68,-19.887019058185885,2,True
Node6-Bogota,69,-19.701721540809928,5,True
Node6-Bogota,70,-19.86224076115485,2,True
Node6-Bogota,71,-19.84473125100353,2,True
Node6-Bogota,72,-19.74352424339966,4,True
Node6-Bogota,73,-20.242134193537822,0,True
Node6-Bogota,74,-19.77972184777265,4,True
Node6-Bogota,75,-20.177502147870513,0,True
Node6-Bogota,76,-19.828551235592446,3,True
Node6-Bogota,77,-20.011181175782216,0,True
Node6-Bogota,78,-20.057047212565067,0,True
Node6-Bogota,79,-19.837740152796293,2,True
Node6-Bogota,80,-19.98117924847503,1,True
Node6-Bogota,81,-19.869184468846,2,True
Node6-Bogota,82,-19.84311814964393,2,True
Node6-Bogota,83,-19.78593324390055,4,True
Node6-Bogota,84,-19.58835092387859,5,True
Node6-Bogota,85,-19.50490347197568,6,True
Node6-Bogota,86,-19.506754238893215,6,True
Node6-Bogota,87,-19.711304388172977,4,True
Node6-Bogota,88,-19.749109751535464,4,True
Node6-Bogota,89,-19.82374566239109,3,True
Node6-Bogota,90,-19.394055469854067,6,True
Node6-Bogota,91,-19.956866700610657,1,True
Node6-Bogota,92,-19.91093792979418,1,True
Node6-Bogota,93,-19.95450997778037,1,True
Node6-Bogota,94,-19.827286076725805,3,True
Node6-Bogota,95,-19.73885759063058,4,True
Node6-Bogota,96,-19.48439644565691,6,True
Node6-Bogota,97,-19.81105171414235,3,True
Node6-Bogota,98,-19.403263709036366,6,True
Node6-Bogota,99,-19.673611804577895,5,True
Node6-Bogota,100,-19.824287085380313,3,True
Node6-Bogota,101,-19.777627352451333,4,True
Node6-Bogota,102,-19.54597119211251,5,True
Node6-Bogota,103,-19.739359159167957,4,True
Node6-Bogota,104,-19.448296391460815,6,True
Node7-Bogota,0,,-1,True
Node7-Bogota,1,,-1,True
Node7-Bogota,2,,-1,True
Node7-Bogota,3,,-1,True
Node7-Bogota,4,,-1,True
Node7-Bogota,5,,-1,True
Node7-Bogota,6,,-1,True
Node7-Bogota,7,,-1,True
Node7-Bogota,8,,-1,True
Node7-Bogota,9,,-1,True
Node7-Bogota,10,,-1,True
Node7-Bogota,11,,-1,True
Node7-Bogota,12,,-1,True
Node7-Bogota,13,,-1,True
Node7-Bogota,14,,-1,True
Node7-Bogota,15,,-1,True
Node7-Bogota,16,,-1,True
Node7-Bogota,17,,-1,True
Node7-Bogota,18,,-1,True
Node7-Bogota,19,,-1,True
Node7-Bogota,20,,-1,True
Node7-Bogota,21,,-1,True
Node7-Bogota,22,,-1,True
Node7-Bogota,23,,-1,True
Node7-Bogota,24,,-1,True
Node7-Bogota,25,,-1,True
Node7-Bogota,26,,-1,True
Node7-Bogota,27,,-1,True
Node7-Bogota,28,,-1,True
Node7-Bogota,29,,-1,True
Node7-Bogota,30,,-1,True
Node7-Bogota,31,,-1,True
Node7-Bogota,32,,-1,True
Node7-Bogota,33,,-1,True
Node7-Bogota,34,,-1,True
Node7-Bogota,35,,-1,True
Node7-Bogota,36,,-1,True
Node7-Bogota,37,,-1,True
Node7-Bogota,38,,-1,True
Node7-Bogota,39,,-1,True
Node7-Bogota,40,,-1,True
Node7-Bogota,41,,-1,True
Node7-Bogota,42,,-1,True
Node7-Bogota,43,,-1,True
Node7-Bogota,44,,-1,True
Node7-Bogota,45,,-1,True
Node7-Bogota,46,,-1,True
Node7-Bogota,47,,-1,True
Node7-Bogota,48,,-1,True
Node7-Bogota,49,,-1,True
Node7-Bogota,50,,-1,True
Node7-Bogota,51,,-1,True
Node7-Bogota,52,,-1,True
Node7-Bogota,53,,-1,True
Node7-Bogota,54,,-1,True
Node7-Bogota,55,,-1,True
Node7-Bogota,56,,-1,True
Node7-Bogota,57,,-1,True
Node7-Bogota,58,,-1,True
Node7-Bogota,59,,-1,True
Node7-Bogota,60,,-1,True
Node7-Bogota,61,,-1,True
Node7-Bogota,62,,-1,True
Node7-Bogota,63,,-1,True
Node7-Bogota,64,,-1,True
Node7-Bogota,65,,-1,True
Node7-Bogota,66,,-1,True
Node7-Bogota,67,,-1,True
Node7-Bogota,68,,-1,True
Node7-Bogota,69,,-1,True
Node7-Bogota,70,,-1,True
Node7-Bogota,71,,-1,True
Node7-Bogota,72,,-1,True
Node7-Bogota,73,,-1,True
Node7-Bogota,74,,-1,True
Node7-Bogota,75,,-1,True
Node7-Bogota,76,,-1,True
Node7-Bogota,77,,-1,True
Node7-Bogota,78,,-1,True
Node7-Bogota,79,,-1,True
Node7-Bogota,80,,-1,True
Node7-Bogota,81,,-1,True
Node7-Bogota,82,,-1,True
Node7-Bogota,83,,-1,True
Node7-Bogota,84,,-1,True
Node7-Bogota,85,,-1,True
Node7-Bogota,86,,-1,True
Node7-Bogota,87,,-1,True
Node7-Bogota,88,,-1,True
Node7-Bogota,89,,-1,True
Node7-Bogota,90,,-1,True
Node7-Bogota,91,,-1,True
Node7-Bogota,92,,-1,True
Node7-Bogota,93,,-1,True
Node7-Bogota,94,,-1,True
Node7-Bogota,95,,-1,True
Node7-Bogota,96,,-1,True
Node7-Bogota,97,,-1,True
Node7-Bogota,98,,-1,True
Node7-Bogota,99,,-1,True
Node7-Bogota,100,,-1,True
Node7-Bogota,101,,-1,True
Node7-Bogota,102,,-1,True
Node7-Bogota,103,,-1,True
Node7-Bogota,104,,-1,True
Node8-Bogota,0,-20.866895762400624,4,True
Node8-Bogota,1,-22.60721875995408,0,True
Node8-Bogota,2,-21.051317202617213,2,True
Node8-Bogota,3,-19.99497416619863,6,True
Node8-Bogota,4,-19.64312806665681,6,False
Node8-Bogota,5,-21.23999009045658,1,True
Node8-Bogota,6,-21.16827643165032,1,True
Node8-Bogota,7,-20.540444793076368,5,True
Node8-Bogota,8,-21.077798218190985,2,False
Node8-Bogota,9,-21.534844108392733,0,True
Node8-Bogota,10,-21.308776390344093,0,True
Node8-Bogota,11,-19.87841078358458,6,True
Node8-Bogota,12,-18.750760768837033,6,False
Node8-Bogota,13,-20.941145369647913,4,True
Node8-Bogota,14,-21.107135474783007,2,True
Node8-Bogota,15,-21.188786957479696,1,True
Node8-Bogota,16,-21.154694499126485,2,True
Node8-Bogota,17,-20.726290392463994,5,True
Node8-Bogota,18,-20.80658942288315,4,True
Node8-Bogota,19,-19.71719760377919,6,True
Node8-Bogota,20,-20.471949398375628,5,True
Node8-Bogota,21,-20.94670779978172,3,True
Node8-Bogota,22,-20.959262428982875,3,True
Node9-Funza,0,,-1,False
Node9-Funza,1,,-1,False
Node9-Funza,2,,-1,False
Node9-Funza,3,,-1,False
Node9-Funza,4,,-1,False
Node9-Funza,5,,-1,False
Node9-Funza,6,,-1,False
Node9-Funza,7,,-1,False
Node9-Funza,8,,-1,False
Node9-Funza,9,,-1,False
Node9-Funza,10,,-1,False
Node9-Funza,11,,-1,False
Node9-Funza,12,,-1,False
Node9-Funza,13,,-1,False
Node9-Funza,14,,-1,False
Node9-Funza,15,,-1,False
Node9-Funza,16,,-1,False
Node9-Funza,17,,-1,False
Node9-Funza,18,,-1,False
Node9-Funza,19,,-1,False
Node9-Funza,20,,-1,False
Node9-Funza,21,,-1,False
Node9-Funza,22,,-1,False
Node9-Funza,23,,-1,False
Node9-Funza,24,,-1,False
Node9-Funza,25,,-1,False
Node9-Funza,26,,-1,False
Node9-Funza,27,,-1,False
Node9-Funza,28,,-1,False
Node9-Funza,29,,-1,False
Node9-Funza,30,,-1,False
Node9-Funza,31,,-1,False
Node9-Funza,32,,-1,False
Node9-Funza,33,,-1,False
Node9-Funza,34,,-1,False
Node9-Funza,35,,-1,False
Node9-Funza,36,,-1,False
Node9-Funza,37,,-1,False
Node9-Funza,38,,-1,False
Node9-Funza,39,,-1,False
Node9-Funza,40,,-1,False
Node9-Funza,41,,-1,False
Node9-Funza,42,,-1,False
Node9-Funza,43,,-1,False
Node9-Funza,44,,-1,False
Node9-Funza,45,,-1,False
Node9-Funza,46,,-1,False
Node9-Funza,47,,-1,False
Node9-Funza,48,,-1,False
Node9-Funza,49,,-1,False
Node9-Funza,50,,-1,False
Node9-Funza,51,,-1,False
Node9-Funza,52,,-1,False
Node9-Funza,53,,-1,False
Node9-Funza,54,,-1,False
Node9-Funza,55,,-1,False
Node9-Funza,56,,-1,False
Node9-Funza,57,,-1,False
Node9-Funza,58,,-1,False
Node9-Funza,59,,-1,False
Node9-Funza,60,,-1,False
Node9-Funza,61,,-1,False
Node9-Funza,62,,-1,False
Node9-Funza,63,,-1,False
Node9-Funza,64,,-1,False
Node9-Funza,65,,-1,False
Node9-Funza,66,,-1,False
Node9-Funza,67,,-1,False
Node9-Funza,68,,-1,False
Node9-Funza,69,,-1,False
Node9-Funza,70,,-1,False
Node9-Funza,71,,-1,False
Node9-Funza,72,,-1,False
Node9-Funza,73,,-1,False
Node9-Funza,74,,-1,False
Node9-Funza,75,,-1,False
Node9-Funza,76,,-1,False
Node9-Funza,77,,-1,False
Node9-Funza,78,,-1,False
Node9-Funza,79,,-1,False
Node9-Funza,80,,-1,False
Node9-Funza,81,,-1,False
Node9-Funza,82,,-1,False
Node9-Funza,83,,-1,False
Node9-Funza,84,,-1,False
Node9-Funza,85,,-1,False
Node9-Funza,86,,-1,False
Node9-Funza,87,,-1,False
Node9-Funza,88,,-1,False
Node9-Funza,89,,-1,False
Node9-Funza,90,,-1,False
Node9-Funza,91,,-1,False
Node9-Funza,92,,-1,False
Node9-Funza,93,,-1,False
Node9-Funza,94,,-1,False
Node9-Funza,95,,-1,False
Node9-Funza,96,,-1,False
Node9-Funza,97,,-1,False
Node9-Funza,98,,-1,False
Node9-Funza,99,,-1,False
Node9-Funza,100,,-1,False
Node9-Funza,101,,-1,False
Node9-Funza,102,,-1,False
Node9-Funza,103,,-1,False
Node9-Funza,104,,-1,False
